Welches Tesla Modell m=C3=B6chtest Du verkaufen?,Ausweisbare MWST?,Datum der Erstzulassung,Kilometerstand,Antriebsversion,Lackierungen,R=C3=A4der,Innenansicht,Autopilot,Unfallfahrzeug:,Brutto-Listenpreis,Name,Strasse und Hausnummer,PLZ und Ort,Telefonische Erreichbarkeit,E-Mail,Datenschutzerkl=C3=A4rung,Ankauf AGB
Model 3,Ja,6363636366,Ausgew=C3=A4hlter Wert: 11252 (0 min / 12000 max),Maximale Reichweite,Red Multi-Coat,"Model 3 - 18"" Aero Felgen",Komplett schwarz,Volles Potential f=C3=BCr autonomes Fahren,Ja,999999,hhh ddd,ddd,ddd,010101100101,hhhh@hhhh.de,"Hiermit best=C3=A4tige ich, dass ich die nachfolgende Datenschutzerkl=C3=A4=
rung
gelesen habe und akzeptiere.
*Ankaufs AGB*
Hiermit best=C3=A4tige ich, dass ich die nachfolgende Datenschutzerkl=C3=A4=
rung
gelesen habe und akzeptiere.
Gesendet von sellyourtesla.","la Modell m=C3=B6chtest Du verkaufen?*
Model 3
*Ausweisbare MWST?*
Ja
*Datum der Erstzulassung*
6363636366
*Kilometerstand*
Ausgew=C3=A4hlter Wert: 11252 (0 min / 12000 max)
*Antriebsversion*
Maximale Reichweite
*Lackierungen*
Red Multi-Coat
*R=C3=A4der*
Model 3 - 18"" Aero Felgen
*Innenansicht*
Komplett schwarz
*Autopilot*
Volles Potential f=C3=BCr autonomes Fahren
*Unfallfahrzeug:*
Ja
*Brutto-Listenpreis*
999999
*Name*
hhh ddd
*Strasse und Hausnummer*
ddd
*PLZ und Ort*
ddd
*Telefonische Erreichbarkeit*
010101100101
*E-Mail*
hhhh@hhhh.de
*Datenschutzerkl=C3=A4rung*
Hiermit best=C3=A4tige ich, dass ich die nachfolgende Datenschutzerkl=C3=A4=
rung
gelesen habe und akzeptiere.
*Ankaufs AGB*
Hiermit best=C3=A4tige ich, dass ich die nachfolgende Datenschutzerkl=C3=A4=
rung
gelesen habe und akzeptiere"
Model 3,Ja,16.5.2021,Ausgew=C3=A4hlter Wert: 9429 (0 min / 12000 max),Maximale Reichweite,Pearl White Multi-Coat,"Model 3 - 18"" Aero Felgen",Komplett schwarz,Basis,Nein,55000,G=C3=BCnter Meisinger,94116 Hutthurm,Hutthurm,015115617854,g.meisinger@mlogica.de,"Hiermit best=C3=A4tige ich, dass ich die nachfolgende Datenschutzerkl=C3=A4=
rung
gelesen habe und akzeptiere.","Hiermit best=C3=A4tige ich, dass ich die nachfolgende Ankauf AGB gelesen ha=
be
und akzeptiere"
Model 3,Ja,21.04.2020,Ausgew=C3=A4hlter Wert: 2847 (0 min / 12000 max),Standard Plus,Pearl White Multi-Coat,"Model 3 - 18"" Aero Felgen",Komplett schwarz,Basis,"Ja
*Besch=C3=A4digungen*
Test Test
*Zubeh=C3=B6r*
Anh=C3=A4ngerkupplung",Test,Test Test,Test,Test,28971309827,test@test.de,"Hiermit best=C3=A4tige ich, dass ich die nachfolgende Datenschutzerkl=C3=A4=
rung
gelesen habe und akzeptiere.","Hiermit best=C3=A4tige ich, dass ich die nachfolgende Ankauf AGB gelesen ha=
be
und akzeptiere"
Model Y,Ja,09.10.2021,Ausgew=C3=A4hlter Wert: 1432 (0 min / 12000 max),Performance,Red Multi-Coat,"Model Y - 20"" Induction Felgen",Schwarz und wei=C3=9F,"Enhanced
*Name*
Justin Breschul
*Strasse und Hausnummer*
Sonderschulstrasse 1
*PLZ und Ort*
42105 Wuppertal
*Telefonische Erreichbarkeit*
0189765432
*E-Mail*
justin@gmail.com
*Datenschutzerkl=C3=A4rung*
Hiermit best=C3=A4tige ich, dass ich die nachfolgende Datenschutzerkl=C3=A4=
rung
gelesen habe und akzeptiere.
Gesendet von sellyourtesla.","dell m=C3=B6chtest Du verkaufen?*
Model Y
*Ausweisbare MWST?*
Ja
*Datum der Erstzulassung*
09.10.2021
*Kilometerstand*
Ausgew=C3=A4hlter Wert: 1432 (0 min / 12000 max)
*Antriebsversion*
Performance
*Lackierungen*
Red Multi-Coat
*R=C3=A4der*
Model Y - 20"" Induction Felgen
*Innenansicht*
Schwarz und wei=C3=9F
*Autopilot*
Enhanced
*Name*
Justin Breschul
*Strasse und Hausnummer*
Sonderschulstrasse 1
*PLZ und Ort*
42105 Wuppertal
*Telefonische Erreichbarkeit*
0189765432
*E-Mail*
justin@gmail.com
*Datenschutzerkl=C3=A4rung*
Hiermit best=C3=A4tige ich, dass ich die nachfolgende Datenschutzerkl=C3=A4=
rung
gelesen habe und akzeptiere.
Gesendet von sellyourtesla.","l m=C3=B6chtest Du verkaufen?*
Model Y
*Ausweisbare MWST?*
Ja
*Datum der Erstzulassung*
09.10.2021
*Kilometerstand*
Ausgew=C3=A4hlter Wert: 1432 (0 min / 12000 max)
*Antriebsversion*
Performance
*Lackierungen*
Red Multi-Coat
*R=C3=A4der*
Model Y - 20"" Induction Felgen
*Innenansicht*
Schwarz und wei=C3=9F
*Autopilot*
Enhanced",Justin Breschul,Sonderschulstrasse 1,42105 Wuppertal,0189765432,justin@gmail.com,"Hiermit best=C3=A4tige ich, dass ich die nachfolgende Datenschutzerkl=C3=A4=
rung
gelesen habe und akzeptiere.
Gesendet von sellyourtesla.","la Modell m=C3=B6chtest Du verkaufen?*
Model Y
*Ausweisbare MWST?*
Ja
*Datum der Erstzulassung*
09.10.2021
*Kilometerstand*
Ausgew=C3=A4hlter Wert: 1432 (0 min / 12000 max)
*Antriebsversion*
Performance
*Lackierungen*
Red Multi-Coat
*R=C3=A4der*
Model Y - 20"" Induction Felgen
*Innenansicht*
Schwarz und wei=C3=9F
*Autopilot*
Enhanced
*Name*
Justin Breschul
*Strasse und Hausnummer*
Sonderschulstrasse 1
*PLZ und Ort*
42105 Wuppertal
*Telefonische Erreichbarkeit*
0189765432
*E-Mail*
justin@gmail.com
*Datenschutzerkl=C3=A4rung*
Hiermit best=C3=A4tige ich, dass ich die nachfolgende Datenschutzerkl=C3=A4=
rung
gelesen habe und akzeptiere"
